{"cameraMode":{"drawMode":0,"name":"Shaded","section":"Shading Mode"},"sceneLighting":true,"audioPlay":false,"sceneViewState":{"m_AlwaysRefresh":false,"showFog":true,"showSkybox":true,"showFlares":true,"showImageEffects":true,"showParticleSystems":true,"showVisualEffectGraphs":true,"m_FxEnabled":true},"in2DMode":false,"pivot":{"x":-0.04357409477233887,"y":0.6536654233932495,"z":-0.40081775188446047},"rotation":{"x":0.14956170320510865,"y":-0.6277628540992737,"z":0.12457587569952011,"w":0.7536795139312744},"size":2.3946027755737306,"orthographic":true}