{"cameraMode":{"drawMode":0,"name":"Shaded","section":"Shading Mode"},"sceneLighting":true,"audioPlay":false,"sceneViewState":{"m_AlwaysRefresh":false,"showFog":true,"showSkybox":true,"showFlares":true,"showImageEffects":true,"showParticleSystems":true,"showVisualEffectGraphs":true,"m_FxEnabled":true},"in2DMode":false,"pivot":{"x":0.42681026458740237,"y":3.036669969558716,"z":0.24261361360549928},"rotation":{"x":0.5371372699737549,"y":-0.33073335886001589,"z":0.24083752930164338,"w":0.7376296520233154},"size":2.024566411972046,"orthographic":true}